glycan_class,comparison,n_sites,median_pearson_delta_sasa,median_spearman_delta_sasa,median_mae_delta_sasa_a2,median_masked_residue_jaccard
complex,glycoshield_vs_glycoshape,8,0.5566557063615274,0.5434101320951489,0.6578899093078758,0.3614081996434938
complex,reference_vs_glycoshape,8,0.790266345176704,0.7258574387304314,0.7221930393794749,0.5683229813664596
complex,reference_vs_glycoshield,8,0.36573961798741905,0.4129442252118692,1.1985268126491646,0.2512544802867383
high_mannose,glycoshield_vs_glycoshape,7,0.8627753476194551,0.5967755646246248,0.0362089343681917,0.3620689655172414
high_mannose,reference_vs_glycoshape,7,0.9407654008611636,0.8545148005998168,0.0192689464869281,0.7619047619047619
high_mannose,reference_vs_glycoshield,7,0.7570556237783269,0.5374510339173055,0.050897307325708,0.2982456140350877
paucimannose,glycoshield_vs_glycoshape,6,0.6892084746642644,0.5184663111371356,0.2079721490706492,0.3007518796992481
paucimannose,reference_vs_glycoshape,6,0.9429574229659894,0.8009169289347885,0.11793896807154759,0.6470588235294118
paucimannose,reference_vs_glycoshield,6,0.6312701416011048,0.466413456403777,0.2823200255157057,0.24139844617092115
