glycan_class,tool,n_sites,median_min_rmsd_to_reference,median_reference_rg_percentile,median_reference_span_percentile,median_reference_rg_typicality,median_reference_span_typicality,median_delta_rg,median_delta_span
complex,glycoshape,8,1.7140015000000002,86.66666666666667,100.0,0.09999999999999998,0.0,-0.3867732499999996,-0.23748449999999893
complex,glycoshield,8,1.1629015,31.666666666666664,50.0,0.6333333333333333,0.7333333333333333,0.13286800000000015,0.017719500000000096
high_mannose,glycoshape,7,1.577537,56.66666666666666,3.333333333333333,0.5333333333333333,0.0,-0.113766,0.838573499999999
high_mannose,glycoshield,7,1.511133,93.33333333333331,73.33333333333333,0.13333333333333375,0.5333333333333334,-0.2359759999999999,-0.6095734999999962
paucimannose,glycoshape,6,1.3049295,0.0,5.0,0.0,0.1,0.31605799999999995,0.9558979999999977
paucimannose,glycoshield,6,1.3623500000000002,66.66666666666666,63.333333333333336,0.33333333333333326,0.29999999999999993,-0.17189099999999954,-0.47630649999999974
