glycan_class,tool,n_cases,median_min_rmsd_to_reference,mean_min_rmsd_to_reference,median_reference_rg_percentile,median_reference_span_percentile,median_delta_rg_vs_reference,median_delta_span_vs_reference
complex,glycoshape,8,1.7140015000000002,1.9361485,86.66666666666667,100.0,-0.3867732499999996,-0.237484499999999
complex,glycoshield,8,1.1629015,1.294779375,31.666666666666664,50.0,0.1328680000000002,0.01771950000000011
high_mannose,glycoshape,7,1.577537,1.701370142857143,56.666666666666664,3.3333333333333335,-0.11376600000000003,0.838573499999999
high_mannose,glycoshield,9,1.511367,1.76757,93.33333333333333,73.33333333333333,-0.23292100000000016,-0.5955239999999975
paucimannose,glycoshape,6,1.3049295,1.3865058333333333,0.0,5.0,0.31605799999999995,0.9558979999999977
paucimannose,glycoshield,6,1.3623500000000002,1.4040811666666666,66.66666666666667,63.333333333333336,-0.17189099999999957,-0.47630649999999974
